epoch,steps,cosine_pearson,cosine_spearman,euclidean_pearson,euclidean_spearman,manhattan_pearson,manhattan_spearman,dot_pearson,dot_spearman
0,-1,0.8478991547108827,0.8449752504443601,0.8178491871121096,0.8214184870500497,0.8189461917620745,0.8216839000455456,0.7974513973228381,0.7974645156412646
1,-1,0.8509779030076285,0.8479435204381723,0.824501430413241,0.8276142493549582,0.8254150832792698,0.8276165518476586,0.8041702827949002,0.8025026792605039
2,-1,0.851742122564432,0.8482604690568871,0.8271221166862436,0.8299997688033068,0.8279256661912124,0.8300266745159206,0.8108520150636038,0.8086158525184158
3,-1,0.8505775484455549,0.8469043773676757,0.8276013288294403,0.8299079288819493,0.828334063798551,0.8298838541321534,0.8110674705798429,0.807863697195075
